"Correlation_Id","Dispatch_Id","Agent_Id","Queue_Id","Process_Id","Thread_Id","Grid_Size","Kernel_Id","Kernel_Name","Workgroup_Size","LDS_Block_Size","Scratch_Size","VGPR_Count","SGPR_Count","Counter_Name","Counter_Value","Start_Timestamp","End_Timestamp"
1,1,4,1,121187,121187,16777216,21,"void copy_kernel<1>(float*, float*, unsigned long, unsigned long)",256,0,0,12,32,"SQ_INSTS_VMEM_RD",262144.000000,4655559165078433,4655559165217954
1,1,4,1,121187,121187,16777216,21,"void copy_kernel<1>(float*, float*, unsigned long, unsigned long)",256,0,0,12,32,"TCC_EA_RDREQ_sum",1048616.000000,4655559165078433,4655559165217954
1,1,4,1,121187,121187,16777216,21,"void copy_kernel<1>(float*, float*, unsigned long, unsigned long)",256,0,0,12,32,"TCC_HIT_sum",1049018.000000,4655559165078433,4655559165217954
1,1,4,1,121187,121187,16777216,21,"void copy_kernel<1>(float*, float*, unsigned long, unsigned long)",256,0,0,12,32,"TCC_MISS_sum",1048614.000000,4655559165078433,4655559165217954
1,1,4,1,121187,121187,16777216,21,"void copy_kernel<1>(float*, float*, unsigned long, unsigned long)",256,0,0,12,32,"TCP_TCC_READ_REQ_sum",1048576.000000,4655559165078433,4655559165217954
1,1,4,1,121187,121187,16777216,21,"void copy_kernel<1>(float*, float*, unsigned long, unsigned long)",256,0,0,12,32,"TCP_TOTAL_READ_sum",4194304.000000,4655559165078433,4655559165217954
2,2,4,1,121187,121187,16777216,21,"void copy_kernel<1>(float*, float*, unsigned long, unsigned long)",256,0,0,12,32,"SQ_INSTS_VMEM_RD",262144.000000,4655559169466001,4655559169601682
2,2,4,1,121187,121187,16777216,21,"void copy_kernel<1>(float*, float*, unsigned long, unsigned long)",256,0,0,12,32,"TCC_EA_RDREQ_sum",1048584.000000,4655559169466001,4655559169601682
2,2,4,1,121187,121187,16777216,21,"void copy_kernel<1>(float*, float*, unsigned long, unsigned long)",256,0,0,12,32,"TCC_HIT_sum",1049018.000000,4655559169466001,4655559169601682
2,2,4,1,121187,121187,16777216,21,"void copy_kernel<1>(float*, float*, unsigned long, unsigned long)",256,0,0,12,32,"TCC_MISS_sum",1048582.000000,4655559169466001,4655559169601682
2,2,4,1,121187,121187,16777216,21,"void copy_kernel<1>(float*, float*, unsigned long, unsigned long)",256,0,0,12,32,"TCP_TCC_READ_REQ_sum",1048576.000000,4655559169466001,4655559169601682
2,2,4,1,121187,121187,16777216,21,"void copy_kernel<1>(float*, float*, unsigned long, unsigned long)",256,0,0,12,32,"TCP_TOTAL_READ_sum",4194304.000000,4655559169466001,4655559169601682
3,3,4,1,121187,121187,16777216,21,"void copy_kernel<1>(float*, float*, unsigned long, unsigned long)",256,0,0,12,32,"SQ_INSTS_VMEM_RD",262144.000000,4655559170027127,4655559170161048
3,3,4,1,121187,121187,16777216,21,"void copy_kernel<1>(float*, float*, unsigned long, unsigned long)",256,0,0,12,32,"TCC_EA_RDREQ_sum",1048584.000000,4655559170027127,4655559170161048
3,3,4,1,121187,121187,16777216,21,"void copy_kernel<1>(float*, float*, unsigned long, unsigned long)",256,0,0,12,32,"TCC_HIT_sum",1049018.000000,4655559170027127,4655559170161048
3,3,4,1,121187,121187,16777216,21,"void copy_kernel<1>(float*, float*, unsigned long, unsigned long)",256,0,0,12,32,"TCC_MISS_sum",1048582.000000,4655559170027127,4655559170161048
3,3,4,1,121187,121187,16777216,21,"void copy_kernel<1>(float*, float*, unsigned long, unsigned long)",256,0,0,12,32,"TCP_TCC_READ_REQ_sum",1048576.000000,4655559170027127,4655559170161048
3,3,4,1,121187,121187,16777216,21,"void copy_kernel<1>(float*, float*, unsigned long, unsigned long)",256,0,0,12,32,"TCP_TOTAL_READ_sum",4194304.000000,4655559170027127,4655559170161048
4,4,4,1,121187,121187,16777216,21,"void copy_kernel<1>(float*, float*, unsigned long, unsigned long)",256,0,0,12,32,"SQ_INSTS_VMEM_RD",262144.000000,4655559170581853,4655559170716895
4,4,4,1,121187,121187,16777216,21,"void copy_kernel<1>(float*, float*, unsigned long, unsigned long)",256,0,0,12,32,"TCC_EA_RDREQ_sum",1048584.000000,4655559170581853,4655559170716895
4,4,4,1,121187,121187,16777216,21,"void copy_kernel<1>(float*, float*, unsigned long, unsigned long)",256,0,0,12,32,"TCC_HIT_sum",1049018.000000,4655559170581853,4655559170716895
4,4,4,1,121187,121187,16777216,21,"void copy_kernel<1>(float*, float*, unsigned long, unsigned long)",256,0,0,12,32,"TCC_MISS_sum",1048582.000000,4655559170581853,4655559170716895
4,4,4,1,121187,121187,16777216,21,"void copy_kernel<1>(float*, float*, unsigned long, unsigned long)",256,0,0,12,32,"TCP_TCC_READ_REQ_sum",1048576.000000,4655559170581853,4655559170716895
4,4,4,1,121187,121187,16777216,21,"void copy_kernel<1>(float*, float*, unsigned long, unsigned long)",256,0,0,12,32,"TCP_TOTAL_READ_sum",4194304.000000,4655559170581853,4655559170716895
5,5,4,1,121187,121187,16777216,21,"void copy_kernel<1>(float*, float*, unsigned long, unsigned long)",256,0,0,12,32,"SQ_INSTS_VMEM_RD",262144.000000,4655559171132579,4655559171268101
5,5,4,1,121187,121187,16777216,21,"void copy_kernel<1>(float*, float*, unsigned long, unsigned long)",256,0,0,12,32,"TCC_EA_RDREQ_sum",1048586.000000,4655559171132579,4655559171268101
5,5,4,1,121187,121187,16777216,21,"void copy_kernel<1>(float*, float*, unsigned long, unsigned long)",256,0,0,12,32,"TCC_HIT_sum",1049018.000000,4655559171132579,4655559171268101
5,5,4,1,121187,121187,16777216,21,"void copy_kernel<1>(float*, float*, unsigned long, unsigned long)",256,0,0,12,32,"TCC_MISS_sum",1048584.000000,4655559171132579,4655559171268101
5,5,4,1,121187,121187,16777216,21,"void copy_kernel<1>(float*, float*, unsigned long, unsigned long)",256,0,0,12,32,"TCP_TCC_READ_REQ_sum",1048576.000000,4655559171132579,4655559171268101
5,5,4,1,121187,121187,16777216,21,"void copy_kernel<1>(float*, float*, unsigned long, unsigned long)",256,0,0,12,32,"TCP_TOTAL_READ_sum",4194304.000000,4655559171132579,4655559171268101
6,6,4,1,121187,121187,16777216,21,"void copy_kernel<1>(float*, float*, unsigned long, unsigned long)",256,0,0,12,32,"SQ_INSTS_VMEM_RD",262144.000000,4655559171680905,4655559171816107
6,6,4,1,121187,121187,16777216,21,"void copy_kernel<1>(float*, float*, unsigned long, unsigned long)",256,0,0,12,32,"TCC_EA_RDREQ_sum",1048584.000000,4655559171680905,4655559171816107
6,6,4,1,121187,121187,16777216,21,"void copy_kernel<1>(float*, float*, unsigned long, unsigned long)",256,0,0,12,32,"TCC_HIT_sum",1049018.000000,4655559171680905,4655559171816107
6,6,4,1,121187,121187,16777216,21,"void copy_kernel<1>(float*, float*, unsigned long, unsigned long)",256,0,0,12,32,"TCC_MISS_sum",1048582.000000,4655559171680905,4655559171816107
6,6,4,1,121187,121187,16777216,21,"void copy_kernel<1>(float*, float*, unsigned long, unsigned long)",256,0,0,12,32,"TCP_TCC_READ_REQ_sum",1048576.000000,4655559171680905,4655559171816107
6,6,4,1,121187,121187,16777216,21,"void copy_kernel<1>(float*, float*, unsigned long, unsigned long)",256,0,0,12,32,"TCP_TOTAL_READ_sum",4194304.000000,4655559171680905,4655559171816107
7,7,4,1,121187,121187,16777216,21,"void copy_kernel<1>(float*, float*, unsigned long, unsigned long)",256,0,0,12,32,"SQ_INSTS_VMEM_RD",262144.000000,4655559172230991,4655559172366513
7,7,4,1,121187,121187,16777216,21,"void copy_kernel<1>(float*, float*, unsigned long, unsigned long)",256,0,0,12,32,"TCC_EA_RDREQ_sum",1048586.000000,4655559172230991,4655559172366513
7,7,4,1,121187,121187,16777216,21,"void copy_kernel<1>(float*, float*, unsigned long, unsigned long)",256,0,0,12,32,"TCC_HIT_sum",1049018.000000,4655559172230991,4655559172366513
7,7,4,1,121187,121187,16777216,21,"void copy_kernel<1>(float*, float*, unsigned long, unsigned long)",256,0,0,12,32,"TCC_MISS_sum",1048584.000000,4655559172230991,4655559172366513
7,7,4,1,121187,121187,16777216,21,"void copy_kernel<1>(float*, float*, unsigned long, unsigned long)",256,0,0,12,32,"TCP_TCC_READ_REQ_sum",1048576.000000,4655559172230991,4655559172366513
7,7,4,1,121187,121187,16777216,21,"void copy_kernel<1>(float*, float*, unsigned long, unsigned long)",256,0,0,12,32,"TCP_TOTAL_READ_sum",4194304.000000,4655559172230991,4655559172366513
8,8,4,1,121187,121187,16777216,21,"void copy_kernel<1>(float*, float*, unsigned long, unsigned long)",256,0,0,12,32,"SQ_INSTS_VMEM_RD",262144.000000,4655559172780918,4655559172915639
8,8,4,1,121187,121187,16777216,21,"void copy_kernel<1>(float*, float*, unsigned long, unsigned long)",256,0,0,12,32,"TCC_EA_RDREQ_sum",1048584.000000,4655559172780918,4655559172915639
8,8,4,1,121187,121187,16777216,21,"void copy_kernel<1>(float*, float*, unsigned long, unsigned long)",256,0,0,12,32,"TCC_HIT_sum",1049018.000000,4655559172780918,4655559172915639
8,8,4,1,121187,121187,16777216,21,"void copy_kernel<1>(float*, float*, unsigned long, unsigned long)",256,0,0,12,32,"TCC_MISS_sum",1048582.000000,4655559172780918,4655559172915639
8,8,4,1,121187,121187,16777216,21,"void copy_kernel<1>(float*, float*, unsigned long, unsigned long)",256,0,0,12,32,"TCP_TCC_READ_REQ_sum",1048576.000000,4655559172780918,4655559172915639
8,8,4,1,121187,121187,16777216,21,"void copy_kernel<1>(float*, float*, unsigned long, unsigned long)",256,0,0,12,32,"TCP_TOTAL_READ_sum",4194304.000000,4655559172780918,4655559172915639
9,9,4,1,121187,121187,16777216,21,"void copy_kernel<1>(float*, float*, unsigned long, unsigned long)",256,0,0,12,32,"SQ_INSTS_VMEM_RD",262144.000000,4655559173327964,4655559173463165
9,9,4,1,121187,121187,16777216,21,"void copy_kernel<1>(float*, float*, unsigned long, unsigned long)",256,0,0,12,32,"TCC_EA_RDREQ_sum",1048584.000000,4655559173327964,4655559173463165
9,9,4,1,121187,121187,16777216,21,"void copy_kernel<1>(float*, float*, unsigned long, unsigned long)",256,0,0,12,32,"TCC_HIT_sum",1049018.000000,4655559173327964,4655559173463165
9,9,4,1,121187,121187,16777216,21,"void copy_kernel<1>(float*, float*, unsigned long, unsigned long)",256,0,0,12,32,"TCC_MISS_sum",1048582.000000,4655559173327964,4655559173463165
9,9,4,1,121187,121187,16777216,21,"void copy_kernel<1>(float*, float*, unsigned long, unsigned long)",256,0,0,12,32,"TCP_TCC_READ_REQ_sum",1048576.000000,4655559173327964,4655559173463165
9,9,4,1,121187,121187,16777216,21,"void copy_kernel<1>(float*, float*, unsigned long, unsigned long)",256,0,0,12,32,"TCP_TOTAL_READ_sum",4194304.000000,4655559173327964,4655559173463165
10,10,4,1,121187,121187,16777216,21,"void copy_kernel<1>(float*, float*, unsigned long, unsigned long)",256,0,0,12,32,"SQ_INSTS_VMEM_RD",262144.000000,4655559173874210,4655559174008931
10,10,4,1,121187,121187,16777216,21,"void copy_kernel<1>(float*, float*, unsigned long, unsigned long)",256,0,0,12,32,"TCC_EA_RDREQ_sum",1048586.000000,4655559173874210,4655559174008931
10,10,4,1,121187,121187,16777216,21,"void copy_kernel<1>(float*, float*, unsigned long, unsigned long)",256,0,0,12,32,"TCC_HIT_sum",1049018.000000,4655559173874210,4655559174008931
10,10,4,1,121187,121187,16777216,21,"void copy_kernel<1>(float*, float*, unsigned long, unsigned long)",256,0,0,12,32,"TCC_MISS_sum",1048584.000000,4655559173874210,4655559174008931
10,10,4,1,121187,121187,16777216,21,"void copy_kernel<1>(float*, float*, unsigned long, unsigned long)",256,0,0,12,32,"TCP_TCC_READ_REQ_sum",1048576.000000,4655559173874210,4655559174008931
10,10,4,1,121187,121187,16777216,21,"void copy_kernel<1>(float*, float*, unsigned long, unsigned long)",256,0,0,12,32,"TCP_TOTAL_READ_sum",4194304.000000,4655559173874210,4655559174008931
11,11,4,1,121187,121187,16777216,21,"void copy_kernel<1>(float*, float*, unsigned long, unsigned long)",256,0,0,12,32,"SQ_INSTS_VMEM_RD",262144.000000,4655559174428936,4655559174563177
11,11,4,1,121187,121187,16777216,21,"void copy_kernel<1>(float*, float*, unsigned long, unsigned long)",256,0,0,12,32,"TCC_EA_RDREQ_sum",1048584.000000,4655559174428936,4655559174563177
11,11,4,1,121187,121187,16777216,21,"void copy_kernel<1>(float*, float*, unsigned long, unsigned long)",256,0,0,12,32,"TCC_HIT_sum",1049018.000000,4655559174428936,4655559174563177
11,11,4,1,121187,121187,16777216,21,"void copy_kernel<1>(float*, float*, unsigned long, unsigned long)",256,0,0,12,32,"TCC_MISS_sum",1048582.000000,4655559174428936,4655559174563177
11,11,4,1,121187,121187,16777216,21,"void copy_kernel<1>(float*, float*, unsigned long, unsigned long)",256,0,0,12,32,"TCP_TCC_READ_REQ_sum",1048576.000000,4655559174428936,4655559174563177
11,11,4,1,121187,121187,16777216,21,"void copy_kernel<1>(float*, float*, unsigned long, unsigned long)",256,0,0,12,32,"TCP_TOTAL_READ_sum",4194304.000000,4655559174428936,4655559174563177
12,12,4,1,121187,121187,16777216,16,"void copy_kernel<2>(float*, float*, unsigned long, unsigned long)",256,0,0,16,32,"SQ_INSTS_VMEM_RD",262144.000000,4655559175135984,4655559175296466
12,12,4,1,121187,121187,16777216,16,"void copy_kernel<2>(float*, float*, unsigned long, unsigned long)",256,0,0,16,32,"TCC_EA_RDREQ_sum",1048842.000000,4655559175135984,4655559175296466
12,12,4,1,121187,121187,16777216,16,"void copy_kernel<2>(float*, float*, unsigned long, unsigned long)",256,0,0,16,32,"TCC_HIT_sum",1113167.000000,4655559175135984,4655559175296466
12,12,4,1,121187,121187,16777216,16,"void copy_kernel<2>(float*, float*, unsigned long, unsigned long)",256,0,0,16,32,"TCC_MISS_sum",1048710.000000,4655559175135984,4655559175296466
12,12,4,1,121187,121187,16777216,16,"void copy_kernel<2>(float*, float*, unsigned long, unsigned long)",256,0,0,16,32,"TCP_TCC_READ_REQ_sum",2097152.000000,4655559175135984,4655559175296466
12,12,4,1,121187,121187,16777216,16,"void copy_kernel<2>(float*, float*, unsigned long, unsigned long)",256,0,0,16,32,"TCP_TOTAL_READ_sum",16777216.000000,4655559175135984,4655559175296466
13,13,4,1,121187,121187,16777216,19,"void copy_kernel<4>(float*, float*, unsigned long, unsigned long)",256,0,0,16,32,"SQ_INSTS_VMEM_RD",262144.000000,4655559175776791,4655559175927833
13,13,4,1,121187,121187,16777216,19,"void copy_kernel<4>(float*, float*, unsigned long, unsigned long)",256,0,0,16,32,"TCC_EA_RDREQ_sum",1049354.000000,4655559175776791,4655559175927833
13,13,4,1,121187,121187,16777216,19,"void copy_kernel<4>(float*, float*, unsigned long, unsigned long)",256,0,0,16,32,"TCC_HIT_sum",2167900.000000,4655559175776791,4655559175927833
13,13,4,1,121187,121187,16777216,19,"void copy_kernel<4>(float*, float*, unsigned long, unsigned long)",256,0,0,16,32,"TCC_MISS_sum",1048966.000000,4655559175776791,4655559175927833
13,13,4,1,121187,121187,16777216,19,"void copy_kernel<4>(float*, float*, unsigned long, unsigned long)",256,0,0,16,32,"TCP_TCC_READ_REQ_sum",4141492.000000,4655559175776791,4655559175927833
13,13,4,1,121187,121187,16777216,19,"void copy_kernel<4>(float*, float*, unsigned long, unsigned long)",256,0,0,16,32,"TCP_TOTAL_READ_sum",16777216.000000,4655559175776791,4655559175927833
14,14,4,1,121187,121187,16777216,17,"void copy_kernel<8>(float*, float*, unsigned long, unsigned long)",256,0,0,16,32,"SQ_INSTS_VMEM_RD",262144.000000,4655559176399038,4655559176665601
14,14,4,1,121187,121187,16777216,17,"void copy_kernel<8>(float*, float*, unsigned long, unsigned long)",256,0,0,16,32,"TCC_EA_RDREQ_sum",1050378.000000,4655559176399038,4655559176665601
14,14,4,1,121187,121187,16777216,17,"void copy_kernel<8>(float*, float*, unsigned long, unsigned long)",256,0,0,16,32,"TCC_HIT_sum",8018908.000000,4655559176399038,4655559176665601
14,14,4,1,121187,121187,16777216,17,"void copy_kernel<8>(float*, float*, unsigned long, unsigned long)",256,0,0,16,32,"TCC_MISS_sum",1049478.000000,4655559176399038,4655559176665601
14,14,4,1,121187,121187,16777216,17,"void copy_kernel<8>(float*, float*, unsigned long, unsigned long)",256,0,0,16,32,"TCP_TCC_READ_REQ_sum",8019250.000000,4655559176399038,4655559176665601
14,14,4,1,121187,121187,16777216,17,"void copy_kernel<8>(float*, float*, unsigned long, unsigned long)",256,0,0,16,32,"TCP_TOTAL_READ_sum",16777216.000000,4655559176399038,4655559176665601
15,15,4,1,121187,121187,16777216,23,"void copy_kernel<16>(float*, float*, unsigned long, unsigned long)",256,0,0,16,32,"SQ_INSTS_VMEM_RD",262144.000000,4655559177137606,4655559177630412
15,15,4,1,121187,121187,16777216,23,"void copy_kernel<16>(float*, float*, unsigned long, unsigned long)",256,0,0,16,32,"TCC_EA_RDREQ_sum",1052426.000000,4655559177137606,4655559177630412
15,15,4,1,121187,121187,16777216,23,"void copy_kernel<16>(float*, float*, unsigned long, unsigned long)",256,0,0,16,32,"TCC_HIT_sum",15982870.000000,4655559177137606,4655559177630412
15,15,4,1,121187,121187,16777216,23,"void copy_kernel<16>(float*, float*, unsigned long, unsigned long)",256,0,0,16,32,"TCC_MISS_sum",1050502.000000,4655559177137606,4655559177630412
15,15,4,1,121187,121187,16777216,23,"void copy_kernel<16>(float*, float*, unsigned long, unsigned long)",256,0,0,16,32,"TCP_TCC_READ_REQ_sum",15984236.000000,4655559177137606,4655559177630412
15,15,4,1,121187,121187,16777216,23,"void copy_kernel<16>(float*, float*, unsigned long, unsigned long)",256,0,0,16,32,"TCP_TOTAL_READ_sum",16777216.000000,4655559177137606,4655559177630412
16,16,4,1,121187,121187,16777216,18,"void copy_kernel<32>(float*, float*, unsigned long, unsigned long)",256,0,0,16,32,"SQ_INSTS_VMEM_RD",262144.000000,4655559178098737,4655559178591222
16,16,4,1,121187,121187,16777216,18,"void copy_kernel<32>(float*, float*, unsigned long, unsigned long)",256,0,0,16,32,"TCC_EA_RDREQ_sum",528266.000000,4655559178098737,4655559178591222
16,16,4,1,121187,121187,16777216,18,"void copy_kernel<32>(float*, float*, unsigned long, unsigned long)",256,0,0,16,32,"TCC_HIT_sum",16393898.000000,4655559178098737,4655559178591222
16,16,4,1,121187,121187,16777216,18,"void copy_kernel<32>(float*, float*, unsigned long, unsigned long)",256,0,0,16,32,"TCC_MISS_sum",1052550.000000,4655559178098737,4655559178591222
16,16,4,1,121187,121187,16777216,18,"void copy_kernel<32>(float*, float*, unsigned long, unsigned long)",256,0,0,16,32,"TCP_TCC_READ_REQ_sum",16397312.000000,4655559178098737,4655559178591222
16,16,4,1,121187,121187,16777216,18,"void copy_kernel<32>(float*, float*, unsigned long, unsigned long)",256,0,0,16,32,"TCP_TOTAL_READ_sum",16777216.000000,4655559178098737,4655559178591222
17,17,4,1,121187,121187,16777216,20,"void copy_kernel<64>(float*, float*, unsigned long, unsigned long)",256,0,0,16,32,"SQ_INSTS_VMEM_RD",262144.000000,4655559179063067,4655559179677634
17,17,4,1,121187,121187,16777216,20,"void copy_kernel<64>(float*, float*, unsigned long, unsigned long)",256,0,0,16,32,"TCC_EA_RDREQ_sum",266186.000000,4655559179063067,4655559179677634
17,17,4,1,121187,121187,16777216,20,"void copy_kernel<64>(float*, float*, unsigned long, unsigned long)",256,0,0,16,32,"TCC_HIT_sum",16934282.000000,4655559179063067,4655559179677634
17,17,4,1,121187,121187,16777216,20,"void copy_kernel<64>(float*, float*, unsigned long, unsigned long)",256,0,0,16,32,"TCC_MISS_sum",790470.000000,4655559179063067,4655559179677634
17,17,4,1,121187,121187,16777216,20,"void copy_kernel<64>(float*, float*, unsigned long, unsigned long)",256,0,0,16,32,"TCP_TCC_READ_REQ_sum",16675616.000000,4655559179063067,4655559179677634
17,17,4,1,121187,121187,16777216,20,"void copy_kernel<64>(float*, float*, unsigned long, unsigned long)",256,0,0,16,32,"TCP_TOTAL_READ_sum",16777216.000000,4655559179063067,4655559179677634
18,18,4,1,121187,121187,16777216,30,"void copy_kernel<128>(float*, float*, unsigned long, unsigned long)",256,0,0,16,32,"SQ_INSTS_VMEM_RD",262144.000000,4655559180153000,4655559180603885
18,18,4,1,121187,121187,16777216,30,"void copy_kernel<128>(float*, float*, unsigned long, unsigned long)",256,0,0,16,32,"TCC_EA_RDREQ_sum",135146.000000,4655559180153000,4655559180603885
18,18,4,1,121187,121187,16777216,30,"void copy_kernel<128>(float*, float*, unsigned long, unsigned long)",256,0,0,16,32,"TCC_HIT_sum",17138922.000000,4655559180153000,4655559180603885
18,18,4,1,121187,121187,16777216,30,"void copy_kernel<128>(float*, float*, unsigned long, unsigned long)",256,0,0,16,32,"TCC_MISS_sum",659430.000000,4655559180153000,4655559180603885
18,18,4,1,121187,121187,16777216,30,"void copy_kernel<128>(float*, float*, unsigned long, unsigned long)",256,0,0,16,32,"TCP_TCC_READ_REQ_sum",16749216.000000,4655559180153000,4655559180603885
18,18,4,1,121187,121187,16777216,30,"void copy_kernel<128>(float*, float*, unsigned long, unsigned long)",256,0,0,16,32,"TCP_TOTAL_READ_sum",16777216.000000,4655559180153000,4655559180603885
19,19,4,1,121187,121187,16777216,35,"void copy_kernel<256>(float*, float*, unsigned long, unsigned long)",256,0,0,16,32,"SQ_INSTS_VMEM_RD",262144.000000,4655559181083570,4655559181541655
19,19,4,1,121187,121187,16777216,35,"void copy_kernel<256>(float*, float*, unsigned long, unsigned long)",256,0,0,16,32,"TCC_EA_RDREQ_sum",69626.000000,4655559181083570,4655559181541655
19,19,4,1,121187,121187,16777216,35,"void copy_kernel<256>(float*, float*, unsigned long, unsigned long)",256,0,0,16,32,"TCC_HIT_sum",17224666.000000,4655559181083570,4655559181541655
19,19,4,1,121187,121187,16777216,35,"void copy_kernel<256>(float*, float*, unsigned long, unsigned long)",256,0,0,16,32,"TCC_MISS_sum",593910.000000,4655559181083570,4655559181541655
19,19,4,1,121187,121187,16777216,35,"void copy_kernel<256>(float*, float*, unsigned long, unsigned long)",256,0,0,16,32,"TCP_TCC_READ_REQ_sum",16769440.000000,4655559181083570,4655559181541655
19,19,4,1,121187,121187,16777216,35,"void copy_kernel<256>(float*, float*, unsigned long, unsigned long)",256,0,0,16,32,"TCP_TOTAL_READ_sum",16777216.000000,4655559181083570,4655559181541655
20,20,4,1,121187,121187,16777216,33,"void copy_kernel<512>(float*, float*, unsigned long, unsigned long)",256,0,0,16,32,"SQ_INSTS_VMEM_RD",262144.000000,4655559182008540,4655559182297823
20,20,4,1,121187,121187,16777216,33,"void copy_kernel<512>(float*, float*, unsigned long, unsigned long)",256,0,0,16,32,"TCC_EA_RDREQ_sum",36866.000000,4655559182008540,4655559182297823
20,20,4,1,121187,121187,16777216,33,"void copy_kernel<512>(float*, float*, unsigned long, unsigned long)",256,0,0,16,32,"TCC_HIT_sum",9695929.000000,4655559182008540,4655559182297823
20,20,4,1,121187,121187,16777216,33,"void copy_kernel<512>(float*, float*, unsigned long, unsigned long)",256,0,0,16,32,"TCC_MISS_sum",561151.000000,4655559182008540,4655559182297823
20,20,4,1,121187,121187,16777216,33,"void copy_kernel<512>(float*, float*, unsigned long, unsigned long)",256,0,0,16,32,"TCP_TCC_READ_REQ_sum",9207944.000000,4655559182008540,4655559182297823
20,20,4,1,121187,121187,16777216,33,"void copy_kernel<512>(float*, float*, unsigned long, unsigned long)",256,0,0,16,32,"TCP_TOTAL_READ_sum",16777216.000000,4655559182008540,4655559182297823
21,21,4,1,121187,121187,16777216,31,"void copy_kernel<1024>(float*, float*, unsigned long, unsigned long)",256,0,0,16,32,"SQ_INSTS_VMEM_RD",262144.000000,4655559182773349,4655559183013191
21,21,4,1,121187,121187,16777216,31,"void copy_kernel<1024>(float*, float*, unsigned long, unsigned long)",256,0,0,16,32,"TCC_EA_RDREQ_sum",20486.000000,4655559182773349,4655559183013191
21,21,4,1,121187,121187,16777216,31,"void copy_kernel<1024>(float*, float*, unsigned long, unsigned long)",256,0,0,16,32,"TCC_HIT_sum",5851803.000000,4655559182773349,4655559183013191
21,21,4,1,121187,121187,16777216,31,"void copy_kernel<1024>(float*, float*, unsigned long, unsigned long)",256,0,0,16,32,"TCC_MISS_sum",544770.000000,4655559182773349,4655559183013191
21,21,4,1,121187,121187,16777216,31,"void copy_kernel<1024>(float*, float*, unsigned long, unsigned long)",256,0,0,16,32,"TCP_TCC_READ_REQ_sum",5347437.000000,4655559182773349,4655559183013191
21,21,4,1,121187,121187,16777216,31,"void copy_kernel<1024>(float*, float*, unsigned long, unsigned long)",256,0,0,16,32,"TCP_TOTAL_READ_sum",16777216.000000,4655559182773349,4655559183013191
22,22,4,1,121187,121187,16777216,27,"void copy_kernel<2048>(float*, float*, unsigned long, unsigned long)",256,0,0,16,32,"SQ_INSTS_VMEM_RD",262144.000000,4655559183479597,4655559183694959
22,22,4,1,121187,121187,16777216,27,"void copy_kernel<2048>(float*, float*, unsigned long, unsigned long)",256,0,0,16,32,"TCC_EA_RDREQ_sum",12296.000000,4655559183479597,4655559183694959
22,22,4,1,121187,121187,16777216,27,"void copy_kernel<2048>(float*, float*, unsigned long, unsigned long)",256,0,0,16,32,"TCC_HIT_sum",3629362.000000,4655559183479597,4655559183694959
22,22,4,1,121187,121187,16777216,27,"void copy_kernel<2048>(float*, float*, unsigned long, unsigned long)",256,0,0,16,32,"TCC_MISS_sum",536580.000000,4655559183479597,4655559183694959
22,22,4,1,121187,121187,16777216,27,"void copy_kernel<2048>(float*, float*, unsigned long, unsigned long)",256,0,0,16,32,"TCP_TCC_READ_REQ_sum",3116806.000000,4655559183479597,4655559183694959
22,22,4,1,121187,121187,16777216,27,"void copy_kernel<2048>(float*, float*, unsigned long, unsigned long)",256,0,0,16,32,"TCP_TOTAL_READ_sum",16777216.000000,4655559183479597,4655559183694959
23,23,4,1,121187,121187,16777216,24,"void copy_kernel<4096>(float*, float*, unsigned long, unsigned long)",256,0,0,16,32,"SQ_INSTS_VMEM_RD",262144.000000,4655559184174964,4655559184350486
23,23,4,1,121187,121187,16777216,24,"void copy_kernel<4096>(float*, float*, unsigned long, unsigned long)",256,0,0,16,32,"TCC_EA_RDREQ_sum",4106.000000,4655559184174964,4655559184350486
23,23,4,1,121187,121187,16777216,24,"void copy_kernel<4096>(float*, float*, unsigned long, unsigned long)",256,0,0,16,32,"TCC_HIT_sum",2558744.000000,4655559184174964,4655559184350486
23,23,4,1,121187,121187,16777216,24,"void copy_kernel<4096>(float*, float*, unsigned long, unsigned long)",256,0,0,16,32,"TCC_MISS_sum",528390.000000,4655559184174964,4655559184350486
23,23,4,1,121187,121187,16777216,24,"void copy_kernel<4096>(float*, float*, unsigned long, unsigned long)",256,0,0,16,32,"TCP_TCC_READ_REQ_sum",2037998.000000,4655559184174964,4655559184350486
23,23,4,1,121187,121187,16777216,24,"void copy_kernel<4096>(float*, float*, unsigned long, unsigned long)",256,0,0,16,32,"TCP_TOTAL_READ_sum",16777216.000000,4655559184174964,4655559184350486
24,24,4,1,121187,121187,16777216,29,"void copy_kernel<8192>(float*, float*, unsigned long, unsigned long)",256,0,0,16,32,"SQ_INSTS_VMEM_RD",262144.000000,4655559184816091,4655559185008574
24,24,4,1,121187,121187,16777216,29,"void copy_kernel<8192>(float*, float*, unsigned long, unsigned long)",256,0,0,16,32,"TCC_EA_RDREQ_sum",4106.000000,4655559184816091,4655559185008574
24,24,4,1,121187,121187,16777216,29,"void copy_kernel<8192>(float*, float*, unsigned long, unsigned long)",256,0,0,16,32,"TCC_HIT_sum",3624050.000000,4655559184816091,4655559185008574
24,24,4,1,121187,121187,16777216,29,"void copy_kernel<8192>(float*, float*, unsigned long, unsigned long)",256,0,0,16,32,"TCC_MISS_sum",528390.000000,4655559184816091,4655559185008574
24,24,4,1,121187,121187,16777216,29,"void copy_kernel<8192>(float*, float*, unsigned long, unsigned long)",256,0,0,16,32,"TCP_TCC_READ_REQ_sum",3103304.000000,4655559184816091,4655559185008574
24,24,4,1,121187,121187,16777216,29,"void copy_kernel<8192>(float*, float*, unsigned long, unsigned long)",256,0,0,16,32,"TCP_TOTAL_READ_sum",16777216.000000,4655559184816091,4655559185008574
25,25,4,1,121187,121187,16777216,26,"void copy_kernel<16384>(float*, float*, unsigned long, unsigned long)",256,0,0,16,32,"SQ_INSTS_VMEM_RD",262144.000000,4655559185481379,4655559185868583
25,25,4,1,121187,121187,16777216,26,"void copy_kernel<16384>(float*, float*, unsigned long, unsigned long)",256,0,0,16,32,"TCC_EA_RDREQ_sum",4106.000000,4655559185481379,4655559185868583
25,25,4,1,121187,121187,16777216,26,"void copy_kernel<16384>(float*, float*, unsigned long, unsigned long)",256,0,0,16,32,"TCC_HIT_sum",14317902.000000,4655559185481379,4655559185868583
25,25,4,1,121187,121187,16777216,26,"void copy_kernel<16384>(float*, float*, unsigned long, unsigned long)",256,0,0,16,32,"TCC_MISS_sum",528390.000000,4655559185481379,4655559185868583
25,25,4,1,121187,121187,16777216,26,"void copy_kernel<16384>(float*, float*, unsigned long, unsigned long)",256,0,0,16,32,"TCP_TCC_READ_REQ_sum",13797156.000000,4655559185481379,4655559185868583
25,25,4,1,121187,121187,16777216,26,"void copy_kernel<16384>(float*, float*, unsigned long, unsigned long)",256,0,0,16,32,"TCP_TOTAL_READ_sum",16777216.000000,4655559185481379,4655559185868583
26,26,4,1,121187,121187,16777216,34,"void copy_kernel<32768>(float*, float*, unsigned long, unsigned long)",256,0,0,16,32,"SQ_INSTS_VMEM_RD",262144.000000,4655559186336908,4655559186759793
26,26,4,1,121187,121187,16777216,34,"void copy_kernel<32768>(float*, float*, unsigned long, unsigned long)",256,0,0,16,32,"TCC_EA_RDREQ_sum",4106.000000,4655559186336908,4655559186759793
26,26,4,1,121187,121187,16777216,34,"void copy_kernel<32768>(float*, float*, unsigned long, unsigned long)",256,0,0,16,32,"TCC_HIT_sum",16391266.000000,4655559186336908,4655559186759793
26,26,4,1,121187,121187,16777216,34,"void copy_kernel<32768>(float*, float*, unsigned long, unsigned long)",256,0,0,16,32,"TCC_MISS_sum",528390.000000,4655559186336908,4655559186759793
26,26,4,1,121187,121187,16777216,34,"void copy_kernel<32768>(float*, float*, unsigned long, unsigned long)",256,0,0,16,32,"TCP_TCC_READ_REQ_sum",15870520.000000,4655559186336908,4655559186759793
26,26,4,1,121187,121187,16777216,34,"void copy_kernel<32768>(float*, float*, unsigned long, unsigned long)",256,0,0,16,32,"TCP_TOTAL_READ_sum",16777216.000000,4655559186336908,4655559186759793
27,27,4,1,121187,121187,16777216,28,"void copy_kernel<65536>(float*, float*, unsigned long, unsigned long)",256,0,0,16,32,"SQ_INSTS_VMEM_RD",262144.000000,4655559187230358,4655559187672283
27,27,4,1,121187,121187,16777216,28,"void copy_kernel<65536>(float*, float*, unsigned long, unsigned long)",256,0,0,16,32,"TCC_EA_RDREQ_sum",4106.000000,4655559187230358,4655559187672283
27,27,4,1,121187,121187,16777216,28,"void copy_kernel<65536>(float*, float*, unsigned long, unsigned long)",256,0,0,16,32,"TCC_HIT_sum",17232942.000000,4655559187230358,4655559187672283
27,27,4,1,121187,121187,16777216,28,"void copy_kernel<65536>(float*, float*, unsigned long, unsigned long)",256,0,0,16,32,"TCC_MISS_sum",528390.000000,4655559187230358,4655559187672283
27,27,4,1,121187,121187,16777216,28,"void copy_kernel<65536>(float*, float*, unsigned long, unsigned long)",256,0,0,16,32,"TCP_TCC_READ_REQ_sum",16712196.000000,4655559187230358,4655559187672283
27,27,4,1,121187,121187,16777216,28,"void copy_kernel<65536>(float*, float*, unsigned long, unsigned long)",256,0,0,16,32,"TCP_TOTAL_READ_sum",16777216.000000,4655559187230358,4655559187672283
28,28,4,1,121187,121187,16777216,25,"void copy_kernel<131072>(float*, float*, unsigned long, unsigned long)",256,0,0,16,32,"SQ_INSTS_VMEM_RD",262144.000000,4655559188149249,4655559188603014
28,28,4,1,121187,121187,16777216,25,"void copy_kernel<131072>(float*, float*, unsigned long, unsigned long)",256,0,0,16,32,"TCC_EA_RDREQ_sum",4106.000000,4655559188149249,4655559188603014
28,28,4,1,121187,121187,16777216,25,"void copy_kernel<131072>(float*, float*, unsigned long, unsigned long)",256,0,0,16,32,"TCC_HIT_sum",17177178.000000,4655559188149249,4655559188603014
28,28,4,1,121187,121187,16777216,25,"void copy_kernel<131072>(float*, float*, unsigned long, unsigned long)",256,0,0,16,32,"TCC_MISS_sum",528390.000000,4655559188149249,4655559188603014
28,28,4,1,121187,121187,16777216,25,"void copy_kernel<131072>(float*, float*, unsigned long, unsigned long)",256,0,0,16,32,"TCP_TCC_READ_REQ_sum",16656432.000000,4655559188149249,4655559188603014
28,28,4,1,121187,121187,16777216,25,"void copy_kernel<131072>(float*, float*, unsigned long, unsigned long)",256,0,0,16,32,"TCP_TOTAL_READ_sum",16777216.000000,4655559188149249,4655559188603014
29,29,4,1,121187,121187,16777216,22,"void copy_kernel<262144>(float*, float*, unsigned long, unsigned long)",256,0,0,16,32,"SQ_INSTS_VMEM_RD",262144.000000,4655559189078219,4655559189565104
29,29,4,1,121187,121187,16777216,22,"void copy_kernel<262144>(float*, float*, unsigned long, unsigned long)",256,0,0,16,32,"TCC_EA_RDREQ_sum",4106.000000,4655559189078219,4655559189565104
29,29,4,1,121187,121187,16777216,22,"void copy_kernel<262144>(float*, float*, unsigned long, unsigned long)",256,0,0,16,32,"TCC_HIT_sum",17082602.000000,4655559189078219,4655559189565104
29,29,4,1,121187,121187,16777216,22,"void copy_kernel<262144>(float*, float*, unsigned long, unsigned long)",256,0,0,16,32,"TCC_MISS_sum",528390.000000,4655559189078219,4655559189565104
29,29,4,1,121187,121187,16777216,22,"void copy_kernel<262144>(float*, float*, unsigned long, unsigned long)",256,0,0,16,32,"TCP_TCC_READ_REQ_sum",16561856.000000,4655559189078219,4655559189565104
29,29,4,1,121187,121187,16777216,22,"void copy_kernel<262144>(float*, float*, unsigned long, unsigned long)",256,0,0,16,32,"TCP_TOTAL_READ_sum",16777216.000000,4655559189078219,4655559189565104
30,30,4,1,121187,121187,16777216,32,"void copy_kernel<524288>(float*, float*, unsigned long, unsigned long)",256,0,0,16,32,"SQ_INSTS_VMEM_RD",262144.000000,4655559190029749,4655559190654396
30,30,4,1,121187,121187,16777216,32,"void copy_kernel<524288>(float*, float*, unsigned long, unsigned long)",256,0,0,16,32,"TCC_EA_RDREQ_sum",4106.000000,4655559190029749,4655559190654396
30,30,4,1,121187,121187,16777216,32,"void copy_kernel<524288>(float*, float*, unsigned long, unsigned long)",256,0,0,16,32,"TCC_HIT_sum",16680938.000000,4655559190029749,4655559190654396
30,30,4,1,121187,121187,16777216,32,"void copy_kernel<524288>(float*, float*, unsigned long, unsigned long)",256,0,0,16,32,"TCC_MISS_sum",528390.000000,4655559190029749,4655559190654396
30,30,4,1,121187,121187,16777216,32,"void copy_kernel<524288>(float*, float*, unsigned long, unsigned long)",256,0,0,16,32,"TCP_TCC_READ_REQ_sum",16160192.000000,4655559190029749,4655559190654396
30,30,4,1,121187,121187,16777216,32,"void copy_kernel<524288>(float*, float*, unsigned long, unsigned long)",256,0,0,16,32,"TCP_TOTAL_READ_sum",16777216.000000,4655559190029749,4655559190654396
